{
  "teams": [
    "1. FC Heidenheim 1846",
    "1. FC K\u00f6ln",
    "1. FC N\u00fcrnberg",
    "1. FC Union Berlin",
    "1. FSV Mainz 05",
    "Bayer 04 Leverkusen",
    "Borussia Dortmund",
    "Borussia M\u00f6nchengladbach",
    "DSC Arminia Bielefeld",
    "Eintracht Frankfurt",
    "FC Augsburg",
    "FC Bayern M\u00fcnchen",
    "FC Schalke 04",
    "FC St. Pauli",
    "Fortuna D\u00fcsseldorf",
    "Hamburger SV",
    "Hannover 96",
    "Hertha BSC",
    "Holstein Kiel",
    "RB Leipzig",
    "SC Freiburg",
    "SC Paderborn 07",
    "SV Darmstadt 98",
    "SV Werder Bremen",
    "SpVgg Greuther F\u00fcrth",
    "TSG Hoffenheim",
    "VfB Stuttgart",
    "VfL Bochum",
    "VfL Wolfsburg"
  ],
  "alpha": {
    "1. FC Heidenheim 1846": 0.8305640333264782,
    "1. FC K\u00f6ln": 0.9857719249767639,
    "1. FC N\u00fcrnberg": 0.5591992660921707,
    "1. FC Union Berlin": 0.8916169562420265,
    "1. FSV Mainz 05": 1.0402726621820306,
    "Bayer 04 Leverkusen": 1.5423815460577726,
    "Borussia Dortmund": 1.68240209855234,
    "Borussia M\u00f6nchengladbach": 1.059413446169727,
    "DSC Arminia Bielefeld": 0.5954625400020469,
    "Eintracht Frankfurt": 1.4586546127155693,
    "FC Augsburg": 0.9169154133830736,
    "FC Bayern M\u00fcnchen": 2.530430567189673,
    "FC Schalke 04": 0.8458667952373792,
    "FC St. Pauli": 0.6954070414699712,
    "Fortuna D\u00fcsseldorf": 0.8797762307710665,
    "Hamburger SV": 0.9112780276310629,
    "Hannover 96": 0.7534074809210328,
    "Hertha BSC": 0.9395065760895931,
    "Holstein Kiel": 1.1515096460743508,
    "RB Leipzig": 1.434536005394732,
    "SC Freiburg": 1.14102903052884,
    "SC Paderborn 07": 0.7998912404483,
    "SV Darmstadt 98": 0.6129634782645142,
    "SV Werder Bremen": 1.0247866572851587,
    "SpVgg Greuther F\u00fcrth": 0.6619033160419596,
    "TSG Hoffenheim": 1.4677314442506861,
    "VfB Stuttgart": 1.5383981728919507,
    "VfL Bochum": 0.8186527547457366,
    "VfL Wolfsburg": 1.0989104821207487
  },
  "beta": {
    "1. FC Heidenheim 1846": 1.5174500457851516,
    "1. FC K\u00f6ln": 1.2543572226134838,
    "1. FC N\u00fcrnberg": 1.4260568997804939,
    "1. FC Union Berlin": 1.1783100745690722,
    "1. FSV Mainz 05": 1.0877464538365533,
    "Bayer 04 Leverkusen": 0.9180540524812064,
    "Borussia Dortmund": 0.9107527053887338,
    "Borussia M\u00f6nchengladbach": 1.2426055238591853,
    "DSC Arminia Bielefeld": 1.1466005643737276,
    "Eintracht Frankfurt": 1.242060612876605,
    "FC Augsburg": 1.173196484157045,
    "FC Bayern M\u00fcnchen": 0.8091747079451519,
    "FC Schalke 04": 1.535605134880415,
    "FC St. Pauli": 1.0140760409113103,
    "Fortuna D\u00fcsseldorf": 1.4369910548553568,
    "Hamburger SV": 1.05829158208662,
    "Hannover 96": 1.4208543559609386,
    "Hertha BSC": 1.489838262812722,
    "Holstein Kiel": 1.6841631435670945,
    "RB Leipzig": 1.0286364782310415,
    "SC Freiburg": 1.1956456535354096,
    "SC Paderborn 07": 1.6186271343592469,
    "SV Darmstadt 98": 1.8405242780715851,
    "SV Werder Bremen": 1.236875050696323,
    "SpVgg Greuther F\u00fcrth": 1.713275142928264,
    "TSG Hoffenheim": 1.1774747561900583,
    "VfB Stuttgart": 1.0879647750496007,
    "VfL Bochum": 1.4469067103358688,
    "VfL Wolfsburg": 1.4494272054701904
  },
  "gamma": 1.1937540570636045,
  "rho": -0.08215376546227152,
  "xi": 0.003,
  "fitted_at": "2026-03-09T19:48:45.108012"
}